,District,Sub_District,School Code,School Name
0,港島,中西區,AP0159,己連拿小學
1,港島,中西區,AP0078,中西區聖安多尼學校
2,港島,中西區,AP0052,天主教總堂區學校
3,港島,中西區,AP0311,李陞小學
4,港島,中西區,AP0280,英皇書院同學會小學
5,港島,中西區,AP0281,英皇書院同學會小學第二校
6,港島,中西區,AP0092,香港潮商學校
7,港島,中西區,AP0026,般咸道官立小學
8,港島,中西區,AP0271,救恩學校
9,港島,中西區,AP0455,新會商會學校
10,港島,中西區,AP0559,聖士提反女子中學附屬小學
11,港島,中西區,AP0501,聖公會呂明才紀念小學
12,港島,中西區,AP0497,聖公會基恩小學
13,港島,中西區,AP0510,聖公會聖彼得小學
14,港島,中西區,AP0508,聖公會聖馬太小學
15,港島,中西區,AP0531,聖安多尼學校
16,港島,中西區,AP0535,聖嘉勒小學
17,港島,中西區,AP0534,聖嘉祿學校
18,港島,中西區,AP0560,聖類斯中學（小學部）
19,港島,中西區,AP0439,嘉諾撒聖心學校
20,港島,中西區,AP0437,嘉諾撒聖心學校私立部
21,港島,中西區,AP0712,德瑞國際學校
22,港島,中西區,AP0722,山頂小學
23,港島,東區,AP0071,中華基督教會基灣小學
24,港島,東區,AP0072,中華基督教會基灣小學（愛蝶灣）
25,港島,東區,AP0089,丹拿山循道學校
26,港島,東區,AP0343,天主教明德學校
27,港島,東區,AP0579,太古小學
28,港島,東區,AP0352,北角官立小學
29,港島,東區,AP0088,北角循道學校
30,港島,東區,AP0354,北角衞理小學
31,港島,東區,AP0117,地利亞（加拿大）學校
32,港島,東區,AP0031,佛教中華康山學校
33,港島,東區,AP0187,香港中國婦女會丘佐榮學校
34,港島,東區,AP0041,香港嘉諾撒學校
35,港島,東區,AP0082,啓基學校（港島）
36,港島,東區,AP0411,培僑小學
37,港島,東區,AP0127,基督教香港信義會信愛學校
38,港島,東區,AP0449,救世軍中原慈善基金學校
39,港島,東區,AP0435,救世軍韋理夫人紀念學校
40,港島,東區,AP0196,港大同學會小學
41,港島,東區,AP0414,番禺會所華仁小學
42,港島,東區,AP0005,愛秩序灣官立小學
43,港島,東區,AP0446,慈幼學校
44,港島,東區,AP0473,筲箕灣官立小學
45,港島,東區,AP0474,筲箕灣崇真學校
46,港島,東區,AP0427,聖公會柴灣聖米迦勒小學
47,港島,東區,AP0509,聖公會聖米迦勒小學
48,港島,東區,AP0561,聖馬可小學
49,港島,東區,AP0468,滬江小學
50,港島,東區,AP0087,漢基國際學校
51,港島,東區,AP0210,漢華中學（小學部）
52,港島,東區,AP0133,勵志會梁李秀娛紀念小學
53,港島,東區,AP0277,蘇浙小學
54,港島,東區,AP0277,蘇浙小學(國際部)
55,港島,東區,AP0418,鰂魚涌小學
56,港島,東區,AP0708,香港德思齊加拿大國際學校
57,港島,東區,AP0723,韓國國際學校
58,港島,東區,AP0725,保良局建造商會學校
59,港島,南區,AP0038,加拿大國際學校
60,港島,南區,AP0252,弘立書院
61,港島,南區,AP0619,東華三院鶴山學校
62,港島,南區,AP0261,香島道官立小學
63,港島,南區,AP0001,香港仔聖伯多祿天主教小學
64,港島,南區,AP0246,香港南區官立小學
65,港島,南區,AP0179,香港紅十字會甘迺迪中心
66,港島,南區,AP0226,香港國際學校
67,港島,南區,AP0405,海怡寶血小學
68,港島,南區,AP0275,堅尼地小學
69,港島,南區,AP0691,港灣學校
70,港島,南區,AP0406,華富邨寶血小學
71,港島,南區,AP0479,新加坡國際學校
72,港島,南區,AP0558,聖士提反書院附屬小學
73,港島,南區,AP0516,聖公會田灣始南小學
74,港島,南區,AP0481,聖公會置富始南小學
75,港島,南區,AP0556,聖伯多祿天主教小學
76,港島,南區,AP0551,聖保羅男女中學附屬小學
77,港島,南區,AP0552,聖保羅書院小學
78,港島,南區,AP0413,嘉諾撒培德學校
79,港島,南區,AP0633,滬江維多利亞學校
80,港島,南區,AP0697,漢鼎書院
81,港島,南區,AP0255,蒙特梭利國際學校
82,港島,南區,AP0014,鴨脷洲街坊學校
83,港島,南區,AP0717,啟歷學校
84,港島,南區,AP0720,香港威雅學校
85,港島,灣仔區,AP0353,北角官立小學（雲景道）
86,港島,灣仔區,AP0027,白普理小學
87,港島,灣仔區,AP0035,佛教黃焯菴小學
88,港島,灣仔區,AP0312,李陞大坑學校
89,港島,灣仔區,AP0480,官立嘉道理爵士小學
90,港島,灣仔區,AP0622,東華三院李賜豪小學
91,港島,灣仔區,AP0330,法國國際學校
92,港島,灣仔區,AP0424,玫瑰崗學校
93,港島,灣仔區,AP0376,保良局金銀業貿易場張凝文學校
94,港島,灣仔區,AP0562,思達學校
95,港島,灣仔區,AP0596,香港真光中學（小學部）
96,港島,灣仔區,AP0166,軒尼詩道官立小學
97,港島,灣仔區,AP0167,軒尼詩道官立小學（銅鑼灣）
98,港島,灣仔區,AP0420,高主教書院小學部
99,港島,灣仔區,AP0505,聖公會聖雅各小學
100,港島,灣仔區,AP0554,聖保祿天主教小學
101,港島,灣仔區,AP0553,聖保祿學校（小學部）
102,港島,灣仔區,AP0544,聖若瑟小學
103,港島,灣仔區,AP0538,嘉諾撒聖方濟各學校
104,港島,灣仔區,AP0342,瑪利曼小學
105,港島,灣仔區,AP0407,寶血小學
106,港島,灣仔區,AP0398,寶覺小學
107,港島,灣仔區,AP0726,香港道爾頓學校
108,港島,灣仔區,AP0728,香港真光中學附屬小學暨幼稚園
109,九龍,九龍城區,AP0699,九龍小學
110,九龍,九龍城區,AP0292,九龍真光中學（小學部）
111,九龍,九龍城區,AP0289,九龍塘天主教華德學校
112,九龍,九龍城區,AP0284,九龍塘方方樂趣英文小學
113,九龍,九龍城區,AP0290,九龍塘官立小學
114,九龍,九龍城區,AP0006,九龍塘宣道小學
115,九龍,九龍城區,AP0291,九龍塘學校（小學部）
116,九龍,九龍城區,AP0132,九龍靈光小學
117,九龍,九龍城區,AP0067,中華基督教會基華小學（九龍塘）
118,九龍,九龍城區,AP0077,中華基督教會灣仔堂基道小學（九龍城）
119,九龍,九龍城區,AP0314,天主教領島學校
120,九龍,九龍城區,AP0203,天神嘉諾撒學校
121,九龍,九龍城區,AP0349,民生書院小學
122,九龍,九龍城區,AP0250,合一堂學校
123,九龍,九龍城區,AP0282,京斯敦國際學校
124,九龍,九龍城區,AP0165,協恩中學附屬小學
125,九龍,九龍城區,AP0120,拔萃小學
126,九龍,九龍城區,AP0118,拔萃男書院附屬小學
127,九龍,九龍城區,AP0390,保良局何壽南小學
128,九龍,九龍城區,AP0380,保良局林文燦英文小學
129,九龍,九龍城區,AP0385,保良局陳維周夫人紀念學校
130,九龍,九龍城區,AP0100,宣道國際學校
131,九龍,九龍城區,AP0011,美國國際學校
132,九龍,九龍城區,AP0409,香港培正小學
133,九龍,九龍城區,AP0404,香港培道小學
134,九龍,九龍城區,AP0018,香港澳洲國際學校
135,九龍,九龍城區,AP0589,朗思國際學校
136,九龍,九龍城區,AP0141,神召第一小學暨幼稚園
137,九龍,九龍城區,AP0334,馬頭涌官立小學
138,九龍,九龍城區,AP0335,馬頭涌官立小學（紅磡灣）
139,九龍,九龍城區,AP0112,啓思小學
140,九龍,九龍城區,AP0128,基督教香港信義會紅磡信義學校
141,九龍,九龍城區,AP0080,陳瑞祺（喇沙）小學
142,九龍,九龍城區,AP0300,喇沙小學
143,九龍,九龍城區,AP0009,黃埔宣道小學
144,九龍,九龍城區,AP0209,聖三一堂小學
145,九龍,九龍城區,AP0486,聖公會奉基千禧小學
146,九龍,九龍城區,AP0487,聖公會奉基小學
147,九龍,九龍城區,AP0488,聖公會牧愛小學
148,九龍,九龍城區,AP0482,聖公會聖十架小學
149,九龍,九龍城區,AP0204,聖公會聖匠小學
150,九龍,九龍城區,AP0513,聖公會聖提摩太小學
151,九龍,九龍城區,AP0541,聖若望英文書院（小學部）
152,九龍,九龍城區,AP0557,聖羅撒學校
153,九龍,九龍城區,AP0155,葛量洪校友會黃埔學校
154,九龍,九龍城區,AP0139,農圃道官立小學
155,九龍,九龍城區,AP0207,嘉諾撒聖家學校
156,九龍,九龍城區,AP0206,嘉諾撒聖家學校（九龍塘）
157,九龍,九龍城區,AP0340,瑪利諾修院學校（小學部）
158,九龍,九龍城區,AP0322,樂善堂小學
159,九龍,九龍城區,AP0359,獻主會小學
160,九龍,九龍城區,AP0537,獻主會聖馬善樂小學
161,九龍,九龍城區,AP0262,耀山學校
162,九龍,九龍城區,AP0650,耀中國際學校
163,九龍,九龍城區,AP0705,宣道會劉平齋紀念國際學校
164,九龍,九龍城區,AP0716,英基畢架山小學
165,九龍,九龍城區,AP0718,香港斯坦福美國學校
166,九龍,油尖旺區,AP0293,九龍婦女福利會李炳紀念學校
167,九龍,油尖旺區,AP0573,大角嘴天主教小學
168,九龍,油尖旺區,AP0593,大角嘴天主教小學（海帆道）
169,九龍,油尖旺區,AP0060,中華基督教會協和小學
170,九龍,油尖旺區,AP0065,中華基督教會基全小學
171,九龍,油尖旺區,AP0076,中華基督教會灣仔堂基道小學
172,九龍,油尖旺區,AP0266,佐敦道官立小學
173,九龍,油尖旺區,AP0119,拔萃女小學
174,九龍,油尖旺區,AP0612,東莞同鄉會方樹泉學校
175,九龍,油尖旺區,AP0623,東華三院羅裕積小學
176,九龍,油尖旺區,AP0643,油蔴地天主教小學
177,九龍,油尖旺區,AP0642,油蔴地天主教小學（海泓道）
178,九龍,油尖旺區,AP0644,油蔴地街坊會學校
179,九龍,油尖旺區,AP0369,保良局陳守仁小學
180,九龍,油尖旺區,AP0345,循道學校
181,九龍,油尖旺區,AP0595,塘尾道官立小學
182,九龍,油尖旺區,AP0496,聖公會基榮小學
183,九龍,油尖旺區,AP0469,路德會沙崙學校
184,九龍,油尖旺區,AP0547,嘉諾撒聖瑪利學校
185,九龍,油尖旺區,AP0042,廣東道官立小學
186,九龍,油尖旺區,AP0581,德信學校
187,九龍,油尖旺區,AP0153,優才（楊殷有娣）書院
188,九龍,油尖旺區,AP0146,鮮魚行學校
189,九龍,油尖旺區,AP0701,漢師德萃學校
190,九龍,深水埗區,AP0288,九龍禮賢學校小學部
191,九龍,深水埗區,AP0008,大坑東宣道小學
192,九龍,深水埗區,AP0059,中華基督教會協和小學（長沙灣）
193,九龍,深水埗區,AP0142,五邑工商總會學校
194,九龍,深水埗區,AP0160,天主教善導小學
195,九龍,深水埗區,AP0362,長沙灣天主教小學
196,九龍,深水埗區,AP0116,地利亞英文小學暨幼稚園
197,九龍,深水埗區,AP0310,李鄭屋官立小學
198,九龍,深水埗區,AP0400,保良局蔡繼有學校
199,九龍,深水埗區,AP0653,英華小學
200,九龍,深水埗區,AP0182,香港四邑商工總會新會商會學校
201,九龍,深水埗區,AP0202,旅港開平商會學校
202,九龍,深水埗區,AP0301,荔枝角天主教小學
203,九龍,深水埗區,AP0081,啓基學校
204,九龍,深水埗區,AP0584,基督教香港信義會深信學校
205,九龍,深水埗區,AP0607,崇真小學暨幼稚園
206,九龍,深水埗區,AP0529,深水埔街坊福利會小學
207,九龍,深水埗區,AP0465,深水埗官立小學
208,九龍,深水埗區,AP0454,新會商會港青基信學校
209,九龍,深水埗區,AP0494,聖公會基愛小學
210,九龍,深水埗區,AP0428,聖公會基福小學
211,九龍,深水埗區,AP0512,聖公會聖多馬小學
212,九龍,深水埗區,AP0429,聖公會聖安德烈小學
213,九龍,深水埗區,AP0504,聖公會聖紀文小學
214,九龍,深水埗區,AP0540,聖方濟各英文小學
215,九龍,深水埗區,AP0539,聖方濟愛德小學
216,九龍,深水埗區,AP0546,聖瑪加利男女英文中小學（小學部）
217,九龍,深水埗區,AP0341,瑪利諾神父教會學校（小學部）
218,九龍,深水埗區,AP0148,福榮街官立小學
219,九龍,深水埗區,AP0580,德雅小學
220,九龍,深水埗區,AP0315,嶺南大學香港同學會小學
221,九龍,深水埗區,AP0268,寶血會嘉靈學校
222,九龍,深水埗區,AP0721,百卉九江書院
223,九龍,深水埗區,AP0729,香港扶幼會則仁中心學校
224,九龍,觀塘區,AP0283,九龍灣聖若翰天主教小學
225,九龍,觀塘區,AP0063,中華基督教會基法小學
226,九龍,觀塘區,AP0064,中華基督教會基法小學（油塘）
227,九龍,觀塘區,AP0360,天主教佑華小學
228,九龍,觀塘區,AP0024,天主教柏德學校
229,九龍,觀塘區,AP0267,佐敦谷聖若瑟天主教小學
230,九龍,觀塘區,AP0030,佛教慈敬學校
231,九龍,觀塘區,AP0457,秀明小學
232,九龍,觀塘區,AP0456,秀茂坪天主教小學
233,九龍,觀塘區,AP0367,坪石天主教小學
234,九龍,觀塘區,AP0049,迦密梁省德學校
235,九龍,觀塘區,AP0183,香港道教聯合會雲泉學校
236,九龍,觀塘區,AP0195,香港道教聯合會圓玄學院陳呂重德紀念學校
237,九龍,觀塘區,AP0111,浸信宣道會呂明才小學
238,九龍,觀塘區,AP0662,基督教宣道會宣基小學（坪石）
239,九龍,觀塘區,AP0346,基督教聖約教會堅樂小學
240,九龍,觀塘區,AP0663,基督教聖約教會堅樂第二小學
241,九龍,觀塘區,AP0498,聖公會九龍灣基樂小學
242,九龍,觀塘區,AP0499,聖公會李兆強小學
243,九龍,觀塘區,AP0433,聖公會油塘基顯小學
244,九龍,觀塘區,AP0493,聖公會基樂小學
245,九龍,觀塘區,AP0492,聖公會基顯小學
246,九龍,觀塘區,AP0506,聖公會聖約翰曾肇添小學
247,九龍,觀塘區,AP0514,聖公會德田李兆強小學
248,九龍,觀塘區,AP0532,聖安當小學
249,九龍,觀塘區,AP0543,聖若瑟英文小學
250,九龍,觀塘區,AP0542,聖若翰天主教小學
251,九龍,觀塘區,AP0536,聖愛德華天主教小學
252,九龍,觀塘區,AP0548,路德會聖馬太學校（秀茂坪）
253,九龍,觀塘區,AP0149,福建中學附屬學校
254,九龍,觀塘區,AP0336,閩僑小學
255,九龍,觀塘區,AP0323,樂善堂楊仲明學校
256,九龍,觀塘區,AP0324,樂華天主教小學
257,九龍,觀塘區,AP0302,藍田循道衛理小學
258,九龍,觀塘區,AP0299,觀塘官立小學
259,九龍,觀塘區,AP0298,觀塘官立小學〈秀明道〉
260,九龍,觀塘區,AP0707,香港諾德安達國際學校
261,九龍,黃大仙區,AP0068,中華基督教會基華小學
262,九龍,黃大仙區,AP0066,中華基督教會基慈小學
263,九龍,黃大仙區,AP0351,天主教伍華小學
264,九龍,黃大仙區,AP0408,天主教博智小學
265,九龍,黃大仙區,AP0110,孔教學院大成小學
266,九龍,黃大仙區,AP0258,伊斯蘭鮑伯濤紀念小學
267,九龍,黃大仙區,AP0387,保良局陳南昌夫人小學
268,九龍,黃大仙區,AP0377,保良局錦泰小學
269,九龍,黃大仙區,AP0021,浸信會天虹小學
270,九龍,黃大仙區,AP0104,真鐸學校
271,九龍,黃大仙區,AP0017,神召會德萃書院(小學部)
272,九龍,黃大仙區,AP0256,國際基督教優質音樂中學暨小學
273,九龍,黃大仙區,AP0097,彩雲聖若瑟小學
274,九龍,黃大仙區,AP0025,華德學校
275,九龍,黃大仙區,AP0636,黃大仙天主教小學
276,九龍,黃大仙區,AP0637,黃大仙官立小學
277,九龍,黃大仙區,AP0197,嗇色園主辦可立小學
278,九龍,黃大仙區,AP0608,慈雲山天主教小學
279,九龍,黃大仙區,AP0631,慈雲山聖文德天主教小學
280,九龍,黃大仙區,AP0495,聖公會基德小學
281,九龍,黃大仙區,AP0533,聖文德天主教小學
282,九龍,黃大仙區,AP0361,聖母小學
283,九龍,黃大仙區,AP0549,聖博德天主教小學（蒲崗村道）
284,九龍,黃大仙區,AP0550,聖博德學校
285,九龍,黃大仙區,AP0039,嘉諾撒小學
286,九龍,黃大仙區,AP0040,嘉諾撒小學（新蒲崗）
287,九龍,黃大仙區,AP0023,福德學校
288,九龍,黃大仙區,AP0161,德望小學暨幼稚園
289,九龍,黃大仙區,AP0402,獻主會溥仁小學
290,新界,大埔區,AP0704,新界婦孺福利會基督教銘恩小學
291,新界,大埔區,AP0453,三水同鄉會禤景榮學校
292,新界,大埔區,AP0575,大埔官立小學
293,新界,大埔區,AP0574,大埔浸信會公立學校
294,新界,大埔區,AP0569,大埔崇德黃建常紀念學校
295,新界,大埔區,AP0576,大埔循道衛理小學
296,新界,大埔區,AP0578,大埔舊墟公立學校
297,新界,大埔區,AP0577,大埔舊墟公立學校（寶湖道）
298,新界,大埔區,AP0647,仁濟醫院蔡衍濤小學
299,新界,大埔區,AP0440,天主教聖母聖心小學
300,新界,大埔區,AP0303,林村公立黃福鑾紀念學校
301,新界,大埔區,AP0391,保良局田家炳千禧小學
302,新界,大埔區,AP0392,保良局田家炳小學
303,新界,大埔區,AP0178,香港教育大學賽馬會小學
304,新界,大埔區,AP0193,香港道教聯合會雲泉吳禮和紀念學校
305,新界,大埔區,AP0184,港九街坊婦女會孫方中小學
306,新界,大埔區,AP0358,新界婦孺福利會有限公司梁省德學校
307,新界,大埔區,AP0522,聖公會阮鄭夢芹小學
308,新界,大埔區,AP0434,聖公會阮鄭夢芹銀禧小學
309,新界,大埔區,AP0692,德萃小學
310,新界,大埔區,AP0709,香港墨爾文國際學校
311,新界,大埔區,AP0710,香港美國學校
312,新界,大埔區,AP0715,香港西班牙學校
313,新界,大埔區,AP0724,日本國際學校
314,新界,沙田區,AP0272,九龍城浸信會禧年（恩平）小學
315,新界,沙田區,AP0286,九龍城浸信會禧年小學
316,新界,沙田區,AP0588,天主教聖華學校
317,新界,沙田區,AP0318,世界龍岡學校黃耀南小學
318,新界,沙田區,AP0012,安菲爾學校
319,新界,沙田區,AP0350,吳氏宗親總會泰伯紀念學校
320,新界,沙田區,AP0461,沙田官立小學
321,新界,沙田區,AP0472,沙田崇真學校
322,新界,沙田區,AP0463,沙田圍胡素貞博士紀念學校
323,新界,沙田區,AP0462,沙田循道衛理小學
324,新界,沙田區,AP0154,東莞工商總會張煌偉小學
325,新界,沙田區,AP0696,東華三院蔡榮星小學
326,新界,沙田區,AP0624,東華三院冼次雲小學
327,新界,沙田區,AP0373,保良局王賜豪（田心谷）小學
328,新界,沙田區,AP0371,保良局朱正賢小學
329,新界,沙田區,AP0388,保良局雨川小學
330,新界,沙田區,AP0372,保良局莊啟程小學
331,新界,沙田區,AP0389,保良局蕭漢森小學
332,新界,沙田區,AP0124,胡素貞博士紀念學校
333,新界,沙田區,AP0048,迦密愛禮信小學
334,新界,沙田區,AP0103,香港九龍塘基督教中華宣道會台山陳元喜小學
335,新界,沙田區,AP0099,香港九龍塘基督教中華宣道會陳元喜小學
336,新界,沙田區,AP0113,香港中文大學校友會聯會張煊昌學校
337,新界,沙田區,AP0185,香港浸會大學附屬學校王錦輝中小學
338,新界,沙田區,AP0192,香港道教聯合會純陽小學
339,新界,沙田區,AP0020,浸信會呂明才小學
340,新界,沙田區,AP0019,浸信會沙田圍呂明才小學
341,新界,沙田區,AP0332,馬鞍山循道衛理小學
342,新界,沙田區,AP0333,馬鞍山聖若瑟小學
343,新界,沙田區,AP0331,馬鞍山靈糧小學
344,新界,沙田區,AP0422,啓新書院
345,新界,沙田區,AP0563,培基小學
346,新界,沙田區,AP0410,培僑書院
347,新界,沙田區,AP0586,基督教香港信義會禾輋信義學校
348,新界,沙田區,AP0585,基督教香港信義會馬鞍山信義學校
349,新界,沙田區,AP0253,基督教國際學校
350,新界,沙田區,AP0436,救世軍田家炳學校
351,新界,沙田區,AP0144,循理會白普理基金循理小學
352,新界,沙田區,AP0145,循理會美林小學
353,新界,沙田區,AP0084,慈航學校
354,新界,沙田區,AP0490,聖公會主風小學
355,新界,沙田區,AP0502,聖公會馬鞍山主風小學
356,新界,沙田區,AP0251,聖母無玷聖心學校
357,新界,沙田區,AP0309,路德會梁鉅鏐小學
358,新界,沙田區,AP0711,英基沙田小學
359,新界,元朗區,AP0363,八鄉中心小學
360,新界,元朗區,AP0526,十八鄉鄉事委員會公益社小學
361,新界,元朗區,AP0090,中華基督教青年會小學
362,新界,元朗區,AP0058,中華基督教會元朗真光小學
363,新界,元朗區,AP0669,中華基督教會方潤華小學
364,新界,元朗區,AP0656,元朗公立中學校友會小學
365,新界,元朗區,AP0655,元朗公立中學校友會鄧英業小學
366,新界,元朗區,AP0657,元朗官立小學
367,新界,元朗區,AP0654,元朗朗屏邨東莞學校
368,新界,元朗區,AP0658,元朗朗屏邨惠州學校
369,新界,元朗區,AP0659,元朗商會小學
370,新界,元朗區,AP0397,元朗寶覺小學
371,新界,元朗區,AP0590,天水圍天主教小學
372,新界,元朗區,AP0591,天水圍官立小學
373,新界,元朗區,AP0592,天水圍循道衞理小學
374,新界,元朗區,AP0417,伊利沙伯中學舊生會小學
375,新界,元朗區,AP0416,伊利沙伯中學舊生會小學分校
376,新界,元朗區,AP0297,光明英來學校
377,新界,元朗區,AP0296,光明學校
378,新界,元朗區,AP0029,佛教陳榮根紀念學校
379,新界,元朗區,AP0034,佛教榮茵學校
380,新界,元朗區,AP0634,和富慈善基金李宗德小學
381,新界,元朗區,AP0621,東華三院李東海小學
382,新界,元朗區,AP0629,東華三院姚達之紀念小學（元朗）
383,新界,元朗區,AP0114,金巴崙長老會耀道小學
384,新界,元朗區,AP0525,南元朗官立小學
385,新界,元朗區,AP0102,宣道會葉紹蔭紀念小學
386,新界,元朗區,AP0189,香港青年協會李兆基小學
387,新界,元朗區,AP0638,香港普通話研習社科技創意小學
388,新界,元朗區,AP0094,香港潮陽小學
389,新界,元朗區,AP0247,香港學生輔助會小學
390,新界,元朗區,AP0037,基督教宣道會徐澤林紀念小學
391,新界,元朗區,AP0130,基督教香港信義會宏信書院
392,新界,元朗區,AP0664,基督教香港信義會啟信學校
393,新界,元朗區,AP0610,惇裕學校
394,新界,元朗區,AP0614,通德學校
395,新界,元朗區,AP0003,博愛醫院歷屆總理聯誼會梁省德學校
396,新界,元朗區,AP0176,港澳信義會黃陳淑英紀念學校
397,新界,元朗區,AP0567,順德聯誼總會伍冕端小學
398,新界,元朗區,AP0198,嗇色園主辦可銘學校
399,新界,元朗區,AP0316,獅子會何德心小學
400,新界,元朗區,AP0515,聖公會天水圍靈愛小學
401,新界,元朗區,AP0507,聖公會聖約瑟小學
402,新界,元朗區,AP0500,聖公會靈愛小學
403,新界,元朗區,AP0320,樂善堂梁銶琚學校
404,新界,元朗區,AP0325,樂善堂梁銶琚學校（分校）
405,新界,元朗區,AP0093,潮陽百欣小學
406,新界,元朗區,AP0158,激活英文小學
407,新界,元朗區,AP0632,穆民國際小學
408,新界,元朗區,AP0269,錦田公立蒙養學校
409,新界,元朗區,AP0105,鐘聲學校
410,新界,北區,AP0007,上水宣道小學
411,新界,北區,AP0635,上水惠州公立學校
412,新界,北區,AP0366,五旬節于良發小學
413,新界,北區,AP0365,五旬節靳茂生小學
414,新界,北區,AP0147,方樹福堂基金方樹泉小學
415,新界,北區,AP0571,打鼓嶺嶺英公立學校
416,新界,北區,AP0477,石湖墟公立學校
417,新界,北區,AP0307,李志達紀念學校
418,新界,北區,AP0460,沙頭角中心小學
419,新界,北區,AP0660,育賢學校
420,新界,北區,AP0613,東莞學校
421,新界,北區,AP0630,東華三院馬錦燦紀念小學(清城正校)
422,新界,北區,AP0618,東華三院港九電器商聯會小學
423,新界,北區,AP0270,金錢村何東學校
424,新界,北區,AP0171,香海正覺蓮社佛教正慧小學
425,新界,北區,AP0169,香海正覺蓮社佛教正覺蓮社學校
426,新界,北區,AP0168,香海正覺蓮社佛教陳式宏學校
427,新界,北區,AP0138,粉嶺公立學校
428,新界,北區,AP0137,粉嶺官立小學
429,新界,北區,AP0136,基督教粉嶺神召會小學
430,新界,北區,AP0597,曾梅千禧學校
431,新界,北區,AP0491,聖公會嘉福榮真小學
432,新界,北區,AP0519,聖公會榮真小學
433,新界,北區,AP0467,福德學社小學
434,新界,北區,AP0152,鳳溪第一小學
435,新界,北區,AP0150,鳳溪創新小學
436,新界,北區,AP0151,鳳溪廖潤琛紀念學校
437,新界,北區,AP0412,寶血會培靈學校
438,新界,北區,AP0706,救世軍中原慈善基金皇后山學校
439,新界,北區,AP0713,東華三院曾憲備小學
440,新界,離島區,AP0075,中華基督教會大澳小學
441,新界,離島區,AP0053,中華基督教會長洲堂錦江小學
442,新界,離島區,AP0123,弘志學校
443,新界,離島區,AP0036,杯澳公立學校
444,新界,離島區,AP0611,東涌天主教學校
445,新界,離島區,AP0083,長洲聖心學校
446,新界,離島區,AP0091,青松侯寶垣小學
447,新界,離島區,AP0356,南丫北段公立小學
448,新界,離島區,AP0188,香港教育工作者聯會黃楚標學校
449,新界,離島區,AP0295,國民學校
450,新界,離島區,AP0450,救世軍林拔中紀念學校
451,新界,離島區,AP0348,梅窩學校
452,新界,離島區,AP0122,智新書院
453,新界,離島區,AP0200,嗇色園主辦可譽中學暨可譽小學
454,新界,離島區,AP0518,聖公會偉倫小學
455,新界,離島區,AP0208,聖家學校
456,新界,離島區,AP0401,寶安商會溫浩根小學
457,新界,離島區,AP0313,靈糧堂秀德小學
458,新界,離島區,AP0727,DISCOVERY
459,新界,荃灣區,AP0056,中華基督教會全完第一小學
460,新界,荃灣區,AP0069,中華基督教會基慧小學
461,新界,荃灣區,AP0070,中華基督教會基慧小學（馬灣）
462,新界,荃灣區,AP0464,天主教石鐘山紀念小學
463,新界,荃灣區,AP0337,天佑小學
464,新界,荃灣區,AP0686,玫瑰蕾小學
465,新界,荃灣區,AP0224,香港浸信會聯會小學
466,新界,荃灣區,AP0194,香港道教聯合會圓玄學院石圍角小學
467,新界,荃灣區,AP0079,柴灣角天主教小學
468,新界,荃灣區,AP0201,海壩街官立小學
469,新界,荃灣區,AP0616,荃灣公立何傳耀紀念小學
470,新界,荃灣區,AP0603,荃灣天主教小學
471,新界,荃灣區,AP0605,荃灣官立小學
472,新界,荃灣區,AP0604,荃灣潮州公學
473,新界,荃灣區,AP0308,梨木樹天主教小學
474,新界,荃灣區,AP0466,深井天主教小學
475,新界,荃灣區,AP0199,嗇色園主辦可信學校
476,新界,荃灣區,AP0484,聖公會主愛小學（梨木樹）
477,新界,荃灣區,AP0205,路德會聖十架學校
478,新界,荃灣區,AP0294,寶血會伍季明紀念學校
479,新界,荃灣區,AP0478,寶血會思源學校
480,新界,荃灣區,AP0131,靈光小學
481,新界,葵青區,AP0057,中華基督教會全完第二小學
482,新界,葵青區,AP0062,中華基督教會基真小學
483,新界,葵青區,AP0108,中華傳道會呂明才小學
484,新界,葵青區,AP0109,中華傳道會許大同學校
485,新界,葵青區,AP0646,仁濟醫院趙曾學韞小學
486,新界,葵青區,AP0475,石籬天主教小學
487,新界,葵青區,AP0476,石籬聖若望天主教小學
488,新界,葵青區,AP0115,地利亞（閩僑）英文小學
489,新界,葵青區,AP0032,佛教林金殿紀念小學
490,新界,葵青區,AP0028,佛教林炳炎紀念學校（香港佛教聯合會主辦）
491,新界,葵青區,AP0015,亞斯理衛理小學
492,新界,葵青區,AP0617,東華三院周演森小學
493,新界,葵青區,AP0570,東華三院高可寧紀念小學
494,新界,葵青區,AP0627,東華三院黃士心小學
495,新界,葵青區,AP0602,青衣商會小學
496,新界,葵青區,AP0399,保良局世德小學
497,新界,葵青區,AP0370,保良局陳溢小學
498,新界,葵青區,AP0687,宣道國際學校
499,新界,葵青區,AP0528,柏立基教育學院校友會盧光輝紀念學校
500,新界,葵青區,AP0095,祖堯天主教小學
501,新界,葵青區,AP0606,荃灣商會學校
502,新界,葵青區,AP0129,基督教香港信義會葵盛信義學校
503,新界,葵青區,AP0143,郭怡雅神父紀念學校
504,新界,葵青區,AP0447,慈幼葉漢千禧小學
505,新界,葵青區,AP0448,慈幼葉漢小學
506,新界,葵青區,AP0520,聖公會仁立小學
507,新界,葵青區,AP0432,聖公會仁立紀念小學
508,新界,葵青區,AP0485,聖公會主恩小學
509,新界,葵青區,AP0483,聖公會主愛小學
510,新界,葵青區,AP0489,聖公會何澤芸小學
511,新界,葵青區,AP0431,聖公會青衣主恩小學
512,新界,葵青區,AP0517,聖公會青衣邨何澤芸小學
513,新界,屯門區,AP0061,中華基督教會何福堂小學
514,新界,屯門區,AP0055,中華基督教會拔臣小學
515,新界,屯門區,AP0073,中華基督教會蒙黃花沃紀念小學
516,新界,屯門區,AP0140,五邑鄒振猷學校
517,新界,屯門區,AP0639,仁愛堂劉皇發夫人小學
518,新界,屯門區,AP0641,仁德天主教小學
519,新界,屯門區,AP0648,仁濟醫院何式南小學
520,新界,屯門區,AP0649,仁濟醫院羅陳楚思小學
521,新界,屯門區,AP0609,屯門官立小學
522,新界,屯門區,AP0317,世界龍岡學校劉德容紀念小學
523,新界,屯門區,AP0594,台山商會學校
524,新界,屯門區,AP0259,伊斯蘭學校
525,新界,屯門區,AP0695,東華三院鄧肇堅小學
526,新界,屯門區,AP0051,青山天主教小學
527,新界,屯門區,AP0374,保良局方王錦全小學
528,新界,屯門區,AP0395,保良局西區婦女福利會馮李佩瑤小學
529,新界,屯門區,AP0379,保良局志豪小學
530,新界,屯門區,AP0378,保良局香港道教聯合會圓玄小學
531,新界,屯門區,AP0383,保良局梁周順琴小學
532,新界,屯門區,AP0393,保良局莊啓程第二小學
533,新界,屯門區,AP0163,哈羅香港國際學校
534,新界,屯門區,AP0527,柏立基教育學院校友會何壽基學校
535,新界,屯門區,AP0694,香港紅卍字會屯門卍慈小學
536,新界,屯門區,AP0328,香港路德會增城兆霖學校
537,新界,屯門區,AP0002,博愛醫院歷屆總理聯誼會鄭任安夫人千禧小學
538,新界,屯門區,AP0004,博愛醫院歷屆總理聯誼會鄭任安夫人學校
539,新界,屯門區,AP0419,鄉師自然學校
540,新界,屯門區,AP0564,順德聯誼總會何日東小學
541,新界,屯門區,AP0565,順德聯誼總會李金小學
542,新界,屯門區,AP0568,順德聯誼總會胡少渠紀念小學
543,新界,屯門區,AP0503,聖公會蒙恩小學
544,新界,屯門區,AP0326,路德會呂祥光小學
545,新界,屯門區,AP0583,道教青松小學
546,新界,屯門區,AP0582,道教青松小學（湖景邨）
547,新界,屯門區,AP0177,僑港伍氏宗親會伍時暢紀念學校
548,新界,屯門區,AP0321,樂善堂梁黃蕙芳紀念學校
549,新界,屯門區,AP0173,圓玄學院陳國超興德小學
550,新界,西貢區,AP0640,仁愛堂田家炳小學
551,新界,西貢區,AP0645,仁濟醫院陳耀星小學
552,新界,西貢區,AP0530,天主教聖安德肋小學
553,新界,西貢區,AP0444,西貢中心李少欽紀念學校
554,新界,西貢區,AP0445,西貢崇真天主教學校（小學部）
555,新界,西貢區,AP0085,佛教志蓮小學
556,新界,西貢區,AP0628,東華三院王余家潔紀念小學
557,新界,西貢區,AP0384,保良局陸慶濤小學
558,新界,西貢區,AP0375,保良局馮晴紀念小學
559,新界,西貢區,AP0394,保良局黃永樹小學
560,新界,西貢區,AP0172,香海正覺蓮社佛教黃藻森學校
561,新界,西貢區,AP0186,香港華人基督教聯會真道書院
562,新界,西貢區,AP0222,香港學堂國際學校
563,新界,西貢區,AP0098,基督教宣道會宣基小學
564,新界,西貢區,AP0016,基督教神召會梁省德小學
565,新界,西貢區,AP0598,將軍澳天主教小學
566,新界,西貢區,AP0599,將軍澳官立小學
567,新界,西貢區,AP0600,將軍澳循道衛理小學
568,新界,西貢區,AP0106,清水灣小學
569,新界,西貢區,AP0403,博愛醫院陳國威小學
570,新界,西貢區,AP0279,景林天主教小學
571,新界,西貢區,AP0175,港澳信義會小學
572,新界,西貢區,AP0174,港澳信義會明道小學
573,新界,西貢區,AP0566,順德聯誼總會梁潔華小學
574,新界,西貢區,AP0430,聖公會將軍澳基德小學
575,新界,西貢區,AP0135,播道書院
576,新界,西貢區,AP0319,樂善堂劉德學校
577,新界,西貢區,AP0693,樹宏學校
578,新界,西貢區,AP0153,優才（楊殷有娣）書院
579,新界,西貢區,AP0714,思貝禮國際學校
580,新界,西貢區,AP0719,茵維特(香港)學校
